{
  "micro_f1": 0.9583333333333334,
  "macro_f1": 0.960233918128655,
  "ap": {
    "violence": 1.0,
    "sexual": 1.0,
    "hate": 1.0
  }
}