{
  "micro_f1": 0.9130434782608695,
  "macro_f1": 0.9046783625730993,
  "ap": {
    "violence": 0.9861111111111112,
    "sexual": 0.9142857142857143,
    "hate": 0.9777777777777779
  }
}